9787010121208,侵权法上的作为义务研究,苏艳英,人民出版社,17.9,17,0
9787020031610,雪地三游客,埃·凯斯特纳,人民文学出版社,9.8,9,0
9787020066421,韩国现代小说选,金承钰,人民文学出版社,20,20,1
9787020088294,房间,[爱尔兰]爱玛·多诺霍,人民文学出版社,29.8,29,0
9787020110490,简.爱（布面精装典藏本）,夏洛蒂.勃朗特,人民文学出版社,78,78,0
9787030150264,妇产科专家的关爱,郭述真,科学人文出版分社,20,20,0
9787030189370,沙棘育种与栽培,黄铨,科学,89,89,0
9787030307453,中国社会保障制度一体化研究,王国军,科学出版社,45,45,0
9787030344762,60GHzCMOS锁相环技术,齐玛,科学出版社,50,50,0
9787030373243,风湿病诊疗指南,胡绍先,科学出版社,24,24,0
9787030421715,北京蛾类图谱,虞国跃,科学出版社,318,318,0
9787040099652,电路与电工技术,陆国和编,高等教育出版社,18.5,18,0
9787040187649,计算机网络基础与局域网构建,姜波,高等教育出版社,23.2,23,0
9787040199215,国际投资,杜奇华,高等教育出版社,29,29,0
9787040370621,网络设备使用与维护,张凌杰,高等教育出版社,26.9,26,0
9787100005814,意汉词典,北京外国语学院《意汉词典》组编,商务印书馆,148,148,0
9787100015578,俄国工人阶级状况,[俄]恩·弗列罗夫斯基（瓦·瓦·别尔维）,商务印书馆,21.8,21,0
9787100017930,罗马史（上卷）,[古罗马]阿庇安,商务印书馆,20.3,20,0
9787100023597,休谟经济论文选,[英]大卫·休谟,商务印书馆,8.3,8,0
9787100028967,古汉语语法研究论文集,何乐士,商务印书馆,20,20,0
9787100031967,汉语复句研究,邢福义,商务印书馆,33,33,0
9787100034487,新时代汉英词典,潘绍中,商务印书馆,78,78,0
9787100036665,东方复兴,何传启,商务印书馆,21,21,0
9787100037679,俗语词典,徐宗才,商务印书馆发行部,89,89,0
9787100039307,岩波日中词典,仓石武四郎编,商务印书馆,58,58,0
9787100039758,城市的适应,张继焦,商务印书馆,20,20,0
9787100044134,新课标英语阅读·初中二年级。下册,《新课标英语阅读》编写组编,商务印书馆,7,7,0
9787100053075,认识与谬误,(奥)恩斯特·马赫,商务印书馆,30,30,0
9787100055413,现代汉语动词直接做定语研究,李晋霞,商务印书馆,17,17,0
9787100076524,语言接触与语言比较,汪锋,商务印书馆,36,36,0
9787100088220,说文与训诂研究论集,宋永培,商务印书馆,36,36,0
9787100088565,酒红冰蓝,洁尘,商务印书馆,28,28,0
9787100093026,东南亚的贸易时代1450-1680年（第一卷）,[澳]安东尼·瑞德,商务印书馆,34,34,0
9787100098274,近代中国留学史近代中国教育思想史,舒新城,商务印书馆,55,55,0
9787100098397,微观经济学十讲,王则柯,商务印书馆,32,32,0
9787100098717,美国知识产权法原理,[美]肯尼思?L.波特,商务印书馆,66,66,0
9787100101219,灵魂的居所,刘华,商务印书馆,56,56,0
9787100103800,中华国学,张荣明,商务印书馆,46,46,0
9787100107204,涂尔干：社会与国家,渠敬东,商务印书馆,65,65,0
9787100116220,中国语言规划三论,李宇明,商务印书馆,36,36,0
9787100120555,思辨的张力,邓晓芒,商务印书馆,108,108,0
9787100123358,质朴坚毅,赵旭云,商务印书馆,55,55,0
9787100126618,镜像,冯晏,商务印书馆,40,40,0
9787100126656,剑桥应用语言学年度评论2014,[美]CharlenePolio,商务印书馆,38,38,0
9787100127981,汉语图解小词典（普什图语版）,[美]吴月梅,商务印书馆,298,298,0
9787100129800,伦理学原理,[英]G.E.摩尔,商务印书馆,26,26,0
9787100152013,佛学研究十八篇,梁启超,商务印书馆,143,143,0
9787100155656,《孝经》《大学》,纪捷晶,商务印书馆,20,20,0
9787100156110,中国政治学年度评论（2017）,肖滨,商务印书馆,38,38,0
9787100162616,《闲情赋》源流概说,武怀军,商务印书馆,40,40,0
9787100162661,法拉第传,[美]约瑟夫·阿盖西,商务印书馆,78,78,0
9787100164467,灵智之犬,赵序茅,商务印书馆,48,48,0
9787100167499,画道,散子,商务印书馆,148,148,0
9787100170918,中北亚城市文明的历史学和考古学研究,列昂尼德?R.科兹拉索夫,商务印书馆,96,96,0
9787100171489,凯撒和克莉奥佩特拉,[英]萧伯纳,商务印书馆,32,32,0
9787100181129,元曲品读·感怀言志篇,童健,商务印书馆,25,25,0
9787100182157,牛津高阶英汉双解词典(第九版·软精装),[英]霍恩比,商务印书馆,398,398,0
9787100182751,黑格尔哲学讲演录,邓晓芒,商务印书馆,48,48,0
9787100189187,纪德读书日记,[法]安德烈·纪德,商务印书馆,45,45,0
9787101017496,不下带编巾箱说,金埴,中华书局,12,12,0
9787101024838,管子校注,黎翔凤,中华书局,150,150,0
9787101025002,中国典籍与文化论丛（第六辑）,《中国典籍与文化》编辑部,中华书局,21,21,0
9787101039771,二十世纪中国古史研究主要思潮概论,田旭东,中华书局,22,22,0
9787101042245,蹴鞠,刘怀祥,中华书局,12,12,0
9787101045277,元丰九域志(上下册),王存,中华书局,98,98,0
9787101047226,封氏闻见记校注,封演,中华书局,16,16,0
9787101055467,清代李商隐诗歌接受史稿,米彦青,中华书局,34,34,0
9787101058789,叶嘉莹说初盛唐诗,叶嘉莹,中华书局,38,38,0
9787101064889,北洋集团崛起研究,张华腾,中华书局,46,46,0
9787101074802,大乘起信论讲记,印顺,中华书局,20,20,0
9787101075137,儒家哲学新论,傅佩荣,中华书局,32,32,0
9787101081596,战国策,缪文远编著,中华书局,12,12,0
9787101082876,初照楼文集,朱季海,中华书局,68,68,0
9787101105926,莫言墨语,莫言,中华书局,298,298,0
9787101107395,暗影,熊剑平,中华书局,32,32,0
9787101109986,哲学纲要,李泽厚,中华书局,78,78,0
9787101110036,甲午！甲午！,马骏杰,中华书局,36,36,0
9787101111767,新潮教育生涯一周甲,吴俊升,中华书局,32,32,0
9787101120998,汉魏六朝杂传集,熊明辑校,中华书局,298,298,0
9787101128918,岑參詩箋註,廖立箋註,中華書局,99,99,0
9787102039121,周运昌画虾,周运昌,人民美术,26,26,0
9787102040127,素描风景技法,郜宗彦,人民美术,18,18,0
9787102074221,中国最具代表性碑帖临摹范本丛书-灵飞经,钟绍京,人民美术出版社,29,29,0
9787102076935,指头画谱,杨一墨,人民美术出版社,85.1,85,0
9787103000823,视唱教程,陈洪,人民音乐出版社,14,14,0
9787103024782,中央音乐学院海内外低音提琴,魏宝正,人民音乐出版社,131.4,131,0
9787103028131,弗朗索瓦·德维安纳长笛简易二重奏18首,本社,人民音乐,7.5,7,0
9787103033630,全国小提琴演奏考级作品集,蒋雄达,人民音乐,29,29,0
9787103038857,全国二胡演奏考级作品集,安如砺中国音乐家协会音乐考级委员会,人民音乐出版社,34,34,0
9787103049075,中美综合性大学舞蹈教育理念比较,王杰,人民音乐出版社,48,48,0
9787104025344,漫画成语,墨人,中国戏剧,15,15,0
9787104037651,精品咖啡学（上）,韩怀宗,中国戏剧出版社,58,58,0
9787104044536,西方舞台美术基础,于海勃,中国戏剧出版社,98,98,0
9787105047659,临床药品的经营与管理,任爱东,民族出版社,19.8,19,0
9787105052790,克木语研究,陈国庆,民族出版社,36,36,0
9787105115273,社会变革时期的彝族婚姻形态研究,沈乾芳,民族出版社,50,50,0
9787105135417,???????????,(木拉提·苏里堂著),民族出版社,10,10,0
9787105137275,西北少数民族民俗文化变迁的社会性别研究,李城瑶,民族出版社,55,55,0
9787106013080,大国寡民,卢跃刚,中国电影出版社,25.6,25,0
1009787106020,965,中国电影史,倪骏,中国电影出版社,22,22
9787106029692,华语电影的跋涉者,中国电影家协会,中国电影出版社,37,37,0
9787106048464,雪域獒王,孙立军,中国电影出版社,57.1,57,0
9787107189470,数学教师教学用书(选修1-1A版普通高中课程标准实验教科书)(平装),章建跃,人民教育出版社,7.1,7,0
9787107205866,汉语2008,王玉,人民教育,19.7,19,0
9787107210501,花腔女高音中国声乐曲选集,韩昌梅,人民教育出版社,28.9,28,0
9787107214486,新编雅思写作,曲英,人民教育,29,29,0
9787107243349,石版画研究,郭召明李晓林,人民教育出版社,47,47,0
9787108012968,温迪嬷嬷讲述绘画的故事,温迪.贝克特嬷嬷(英),三联书店,180,180,0
9787108016775,七缀集,钱锺书,生活·读书·新知三联书店,12,12,0
9787108021076,走出孤岛,皮黔生,生活.读书.新知三联书店,28,28,0
9787108025470,蒙文通学记,蒙默,生活读书新知三联书店,22,22,0
9787108025500,叶雨书衣,范用,生活·读书·新知三联书店,39,39,0
9787108032164,中国学术思想史论丛（四）,钱穆,生活·读书·新知三联书店,22.8,22,0
9787108033703,基督教要义,[法]约翰·加尔文,生活·读书·新知三联书店,155,155,0
9787108036087,纸天堂,祝勇,生活·读书·新知三联书店,37,37,0
9787108036865,鲁迅箴言（中日双语版）,鲁迅,生活·读书·新知三联书店,49,49,0
9787108040589,朱枫传,冯亦同,生活·读书·新知三联书店,33,33,0
9787108043979,社会分工论,[法]埃米尔·涂尔干,生活·读书·新知三联书店,39,39,0
9787108044075,一个人的旅行,黄照达,生活·读书·新知三联书店,38,38,0
9787108045485,课比天大（李浩作品系列）,李浩,生活·读书·新知三联书店,28,28,0
9787108048165,戴高乐撒切尔夫人（陈乐民作品）,陈乐民,生活·读书·新知三联书店,48,48,0
9787108051776,信仰,何光沪编,生活·读书·新知三联书店,46,46,0
9787108058461,拉铁摩尔与边疆中国,姚大力等著,生活·读书·新知三联书店,39,39,0
9787108061768,《周易》与中国文化,刘大钧,生活·读书·新知三联书店,35,35,0
9787108064530,过敏大流行,[美]莫伊塞斯·贝拉斯克斯-曼诺夫,生活·读书·新知三联书店,58,58,0
9787108069160,欧亚之门,(俄）安德列·叶皮马霍夫,生活·读书·新知三联书店,89,89,0
9787108069658,趣玩II：中国传世智巧器具,刘念,生活·读书·新知三联书店,148,148,0
9787109074699,蝎子、蜈蚣养殖实用技术,赵渤,中国农业出版社,12,12,0
9787109084100,动物繁殖新技术,岳文斌等编,中国农业出版社,40,40,0
9787109092983,芳香蔬菜栽培实用技术,孙京涛,中国农业出版社,3.4,3,0
9787109093195,实用葡萄栽培图诀272例,张清,中国农业出版社,5,5,0
9787109101456,猕猴桃栽培与贮藏加工新技术/农业科技入户丛书,赵峰编,中国农业出版社,3.5,3,0
9787109147805,当代世界农业,许世卫信乃诠,中国农业出版社,360,360,0
9787109151314,图说西葫芦栽培关键技术,王久兴//冯志红,中国农业,10,10,0
9787109213647,农村经济发展问题研究（2013-2015）,郑文堂王大山邓蓉,中国农业出版社,30.2,30,0
9787109214477,村官梦·农村情全国大学生村官作品选编,张成,中国农业出版社,36.1,36,0
9787110004425,原理集,张奠宙,科学普及出版社,2.4,2,0
9787110050866,科学教育改革的蓝本,美国科学促进协会,科学普及出版社,29,29,0
9787110056462,小学语文一年级下帮你学语文练习册,本社,科学普及,5.8,5,0
9787110056745,学画牵牛花,华敬俊,科学普及出版社,10,10,0
9787110068540,体验大自然,(德)玛蒂娜·戈尔加斯|译者:荆妮|校注:王宏|绘画:(德)克尔斯滕·施拉格,科普,19.8,19,0
9787110080160,那是谁,克里斯汀·舒尔茨·赖斯,科学普及出版社,36,36,0
9787110081969,中国世纪经典纪录（艺术卷）,洪宇,科学普及出版社,112.5,112,0
9787111045175,机械工程手册--专用机械卷(四),周德成编,机械工业出版社,145,145,0
9787111065296,中小型水轮发电机的安装与维修,刘云,机械工业出版社,42,42,0
9787111072935,初级车工技术,机械工业职业技能鉴定指导中心编,机械工业出版社,12.5,12,0
9787111084709,VisualC++程序设计教程,姚瑞霞,机械工业出版社,29,29,0
9787111087519,CIT,ThomasM.ThomasMarkJ.NewcombAndrewG.Mason,机械工业出版社,79,79,0
9787111090281,理论力学,朱炳麒编,机械工业出版社,28,28,0
9787111092865,Java编程思想,BruceEckel,机械工业出版社,69,69,0
9787111093435,Windows2000TCP/IP技术内幕,(美)IanMcLean王建华王卫峰席赛珠等,机械工业出版社,79,79,0
9787111099383,高级Palm编程,(美)stevemannrayrischpater,机械工业出版社,38,38,0
9787111099475,XSL高级编程,韩平,机械工业出版社,69,69,0
9787111104308,国际财务管理,美.雷斯尼克等著,机械工业,60,60,0
9787111108474,从规范出发的程序设计,[美]CarrollMorgan,机械工业出版社,45,45,0
9787111115281,前路未卜(美国总统布什的历史秘辛),法兰克?布鲁尼,机械工业出版社,25,25,0
9787111116264,软件项目管理衫指南以体系结构为中心,鲍里斯,机械工业出版社,25,25,0
9787111117766,ERP生产管理系统应用专家培训教程(上),李玲,机械工业出版社,35,35,0
9787111118480,国际商务,迈克尔R.钦科陶等著,机械工业,93,93,0
9787111118657,供应链与物流管理,赵林度,机械工业出版社,35,35,0
9787111124375,3法则,(美)谢斯西索迪亚,机械工业出版社,29.8,29,0
9787111127017,生产运作管理,马士华,机械工业出版社,38,38,0
9787111127215,英语语法七日通,英卓语言系列丛书编委会,机械工业出版社,12,12,0
9787111127239,建设工程项目成本管理,刘允延,机工,17,17,0
9787111129066,日汉机电工程词典,杨希武编,机械工业出版社,198,198,0
9787111134121,温和激进领导,（美）黛布拉E.迈耶森,机械工业出版社,29.8,29,0
9787111137351,设备安装工程工程量清单计价,朱维益,机械工业出版社,19,19,0
9787111140085,招标投标法适用与案例评析,林善谋,机械工业出版社,29.8,29,0
9787111151951,如何有效合理避税,贺志东,机械工业出版社,36,36,0
9787111154686,滚动轴承噪声理论与实践,颉潭成,机械工业出版社,28,28,0
9787111161165,管理会计教程,骆珣,机械工业出版社,36.8,36,0
9787111169444,项目计量管理,史蒂夫·纽恩多夫,第1版(2005年7月1日),26,26,0
9787111172161,管接头和管件选用手册,文斌,机械工业出版社,45,45,0
9787111172451,Java程序设计,赵景晖,机械工业出版社,24,24,0
9787111173298,线性规划导论,瓦泽斯坦,机械工业出版社,33,33,0
9787111177104,可编程序控制器运动控制技术,汪小澄,机械工业出版社,20,20,0
9787111177753,计算机算法的设计与分析,JeffreyD.Ullman,机械工业出版社,48,48,0
9787111183426,质量控制与检测技术,于万成,机械工业出版社,26,26,0
9787111187028,招聘与选拔实务手册,吴志明,机械工业出版社,32,32,0
9787111187967,宝来轿车实用维修手册,陆耀迪,机械工业出版社,49,49,0
9787111189121,不可不做的实验,陈国芬胡利华李丽峰,机械工业出版社,20,20,0
9787111191933,Java语言程序设计进阶篇,梁,机械工业出版社,59,59,0
9787111193647,经济法模拟试卷,全国注册资产评估师执业资格考试辅导用书编审委员会,机械工业,25,25,0
9787111197089,摩擦学导论,B.布尚,机械工业出版社,40,40,0
9787111197218,电子元器件与电子实习,马全喜,机械工业出版社,24,24,0
9787111202493,汽车驾驶技巧与禁忌,何援朝刘德碧,机械工业出版社,20,20,0
9787111233633,宏观经济政策与发展规划,全国注册咨询工程师（投资）执业资格考试命题研究组编,机械工业,18,18,0
9787111238416,Java动画、图形和极富客户端效果开发,RomainGuy,机械工业出版社,49,49,0
9787111252184,精益生产实践,丹尼斯P.霍布斯,机械工业,38,38,0
9787111257257,数控技术应用英语,黄星,机械工业出版社,24,24,0
9787111284109,创业营销,皮特莫里斯辛德胡特金晓彤,机械工业出版社,45,45,0
9787111288763,AutoCAD2010中文版电气设计实例教程,康士廷刘昌丽熊慧,机械工业出版社,48,48,0
9787112030156,混凝土结构(2),奚毓?,中国建筑工业出版社,19,19,0
9787112037230,FRANCE建筑工作室,伍江等译,中国建筑工业出版社,260,260,0
9787112040278,建筑构造.上册,李必瑜,中国建筑工业出版社,15.4,15,0
9787112041893,建筑工程设计施工详细图集,陈世霖,中国建筑工业出版社,57,57,0
9787112042890,电梯安装维修人员安全手册,彭捷,中国建筑工业出版社,18,18,0
9787112049875,《建设行政管理人员法律知识读本》学习指南,何伯洲,中国建工,18,18,0
9787112061532,城市水工程建设监理,王季震编,中国建筑工业出版社,24,24,0
9787112070886,CONSTITUTIVEEQUATIONSFORCONCRETEANDSOIL,韩大建,中国建筑,69,69,0
9787112073177,钢结构的平面内稳定,童根树,中国建筑工业出版社,43,43,0
9787112074433,混凝土结构中册混凝土结构与砌体结构设计,程文瀼等主编,建筑工业,36,36,0
9787112076420,直接发生,崔鹏飞,中国建筑工业出版社,39,39,0
9787112077816,融资及案例分析,李健,中国建筑工业出版社,24,24,0
9787112081981,房地产开发经营与管理复习纲要及模拟题集,聂琦波编,中国建筑工业出版社,30,30,0
9787112103867,房地产投资,张健,中国建筑工业出版社,36,36,0
9787112103959,数字建构-青年建筑师作品,徐卫国利奇,中国建筑工业出版社,99,99,0
9787112105229,市政工程安全管理及技术资料编制范例,陈顺福,中国建筑工业出版社,48,48,0
9787112110629,设计素描,邹一了,中国建筑工业出版社,27,27,0
9787112114917,启迪,约翰?奥姆斯比?西蒙兹,中国建筑工业出版社,15,15,0
9787112130788,智能建筑弱电工程设计与安装,梁华//梁晨,中国建筑工业,79,79,0
9787112136636,区域生态安全格局,俞孔坚王思思李迪华,中国建筑工业出版社,40,40,0
9787112152162,建筑节能工程监理,王培祥　著,中国建筑工业出版社,38,38,0
9787112164547,物业管理综合实训（第二版）/全国高职高专教育土建类专业教学指导委员会规划推荐教材,黄亮,中国建筑工业出版社,26.4,26,0
9787112171323,中国徽州地区传统村落空间结构的演变,王玉,中国建筑工业出版社,42,42,0
9787112177059,建筑施工土石方工程安全技术规范,阿莫罗索费腾,中国建筑工业出版社,10,10,0
9787112181148,天然气低碳催化燃烧特性和应用,张世红瓦莱丽艾伦,中国建筑工业出版社,22.1,22,0
9787112187126,西北荒漠化地区生态民居模式,张群,中国建筑工业出版社,32.3,32,0
9787112188482,混凝土结构设计（第三版）,梁兴文史庆轩,中国建筑工业出版社,29.5,29,0
9787112191857,施工起重机械安全管理实操手册,张鲁风中国建筑业协会北京康建建安建筑工程技术研究有限责任公司,中国建筑工业出版社,30.6,30,0
9787112191901,光伏建筑设计与实践,罗多班广生,中国建筑工业出版社,38.3,38,0
9787112195701,中国建筑2016年技术交流会优秀论文集,毛志兵　主编,中国建筑工业出版社,130,130,0
9787112206643,黏滞阻尼技术工程设计与应用,丁洁民吴宏磊,中国建筑工业出版社,83.3,83,0
9787112209057,建设项目竣工决算百问,杨章金杨婷杨雁温海英李宏舟,中国建筑工业出版社,38,38,0
9787112220762,建筑人类学,[英]维克多·布克利,中国建筑工业出版社,45,45,0
9787112225682,建筑电气施工图设计与审查问题详解,宫周鼎著,中国建筑工业出版社,68,68,0
9787112228430,2019年一级注册建筑师考试应试辅导：设计前期与场地设计,倪吉昌,中国建筑工业出版社,22.7,22,0
9787113027391,高性能混凝土――材料特性与设计,等,中国铁道出版社,26.5,26,0
9787113043094,铁路路风常用词典,贾新民,中国铁道出版社,9,9,0
9787113045777,Delphi开发实用编程200例,周亚玲/苏治中编,中国铁道出版社,48,48,0
9787113062484,3dsmax6三维建模与动画基础培训教程,王红卫编,中国铁道出版社,21,21,0
9787113067137,VisualBasic程序设计基础,柴欣武优西,中国铁道出版社,25,25,0
9787113070113,赢得顾客的五个步骤,尹传高,中国铁道,25,25,0
9787113073343,SolidWorks2006原厂教育训练手册,实威科技,中国铁道出版社,72,72,0
9787113131111,脱线的尖鼻鼠,林建军绘,中国铁道,25,25,0
9787113139315,马尔代夫旅行Let'sGo,陈荣,中国铁道,36.8,36,0
9787113159436,数控加工技术与技能训练/中等职业学校模具制造技术专业规划教材,张萍,中国铁道出版社,19.3,19,0
9787113206895,沉默道钉的足迹：纪念华工建设美国铁路,黄安年著；李炬著,中国铁道出版社,242.1,242,0
9787113210601,短线操盘实战之捕获涨停板,曹明成谭文,中国铁道出版社,39.4,39,0
9787113216351,泰国,亲历者编辑部,中国铁道出版社,13,13,0
9787113224523,IT创新思维与创新方法,周苏,中国铁道出版社,42.9,42,0
9787113238858,城市轨道交通运营管理/城市轨道交通系列丛书,林瑜筠,中国铁道出版社,33.4,33,0
9787113239732,中国战略性新兴产业——新材料（第三代半导体材料）,郑有炓吴玲沈波,中国铁道出版社,88.2,88,0
9787113240585,轨道电路设备原理及维护,林瑜筠,中国铁道出版社,28.2,28,0
9787113268275,从生活常识的角度看懂财务报表,朱菲菲,中国铁道出版社有限公司,59,59,0
9787114037245,软土工程施工技术与环境保护,杨林德,人民交通,28,28,0
9787114051418,公路工程试验仪器使用与维护,李玉珍余素萍李玉珍余素萍,人民交通出版社,30,30,0
9787114055447,汽车试验学,何耀华,第1版(2005年8月1日),23,23,0
9787114055485,摩托车构造与维修。机械部分、电路部分,山东德州汽车摩托车专修学院摩托车教研室编,人民交通出版社,70,70,0
9787114056826,公路路基/路面/环保工程质量检验评定实用手册,熊焕荣,人民交通出版社,70,70,0
9787114057861,排水固结加固软基技术指南,赵维炳编,人民交通出版社,20,20,0
9787114058967,公路工程施工监理质量控制技术手册,文德云编,人民交通出版社,96,96,0
9787114063442,道路勘测设计,杨春风欧阳建湘,人民交通,39,39,0
9787114077067,世界地图（中英文）,席少楠,人民交通出版社,9,9,0
9787114101816,仓储管理实务,周雪梅,人民交通出版社,37,37,0
9787114112133,公路建设百问丛书：隧道施工百问,李树忱俞文生马腾飞,人民交通出版社,38.7,38,0
9787114116971,汽车维修从业人员安全生产指南,人民交通出版社,人民交通出版社股份有限公司,39,39,0
9787114126451,高速公路机电系统运行维护管理,张新张明月孙昊,人民交通出版社股份有限公司,22.5,22,0
9787114128004,盾构施工技术（第二版）,焦胜军,人民交通出版社,98,98,0
9787114137075,地下建筑结构设计原理与方法/全国普通高等教育“十三五”规划教材·隧道与地下工程领域融合创新精品教材,李树忱马腾飞冯现大,人民交通出版社股份有限公司,44.1,44,0
9787114150289,城市地下空间开发,王晓睿,人民交通出版社股份有限公司,45,45,0
9787114151392,中国房地产杰出人物志10年100人（2008-2018）,陈云峰中经联盟,人民交通出版社股份有限公司,234.5,234,0
9787115085375,影碟机录放像机电源电路故障检修(平装),李勇帆,人民邮电出版社(2000年8月1日),31,31,0
9787115087386,多媒体素材制作与网页编辑,黄宁宁,人民邮电出版社,43,43,0
9787115089311,梦幻魔方之Maya33DSMAX3人物造型与动画,蒋春林,人民邮电出版社,46,46,0
9787115089458,电路设计与制版,赵晶,人民邮电出版社,58,58,0
9787115092113,数据结构,郑晓红,人民邮电出版社,16,16,0
9787115092687,MCSE学习指南.Windows2000NetworkAdministration,SyngressMedia公司,第1版(2001年6月1日),75,75,0
9787115095275,Fireworks4.0精彩效果实例,裴永茂,人民邮电出版社,38,38,0
9787115096586,即时应用EnterpriseJavaBeans,特雷姆利特(PaulTremblett),人民邮电出版社,53,53,0
9787115096678,MATLAB工程计算及应用,李丽王振领编,人民邮电出版社,28,28,0
9787115108357,TDMA空中接口技术,孙宇彤,人民邮电出版社,24,24,0
9787115116147,河流和湖泊,童趣出版有限公司,人民邮电出版社,12,12,0
9787115118097,C++Templates中文版,NicolaiM.Josuttis,人民邮电出版社,62,62,0
9787115121776,实用网址速查手册,东方工作室,人民邮电出版社,12,12,0
9787115122186,PhotoshopCS中文版基础培训教程,周建国,人民邮电出版社,28,28,0
9787115131461,网络工程师考点精讲与试题精解,李琳,人民邮电出版社,69,69,0
9787115134158,后短信时代,刘健民,人民邮电出版社,25,25,0
9787115137517,VisualC++VisualBasic串并口开发技术工程应用实例导航,求是科技,人民邮电出版社,52,52,0
9787115138842,异常与临床心理学,保罗·贝内特,人民邮电出版社,49,49,0
9787115141682,Java程序设计教程,丁新民,人民邮电出版社,26,26,0
9787115145444,康佳高清平板彩色电视机电路图集(第1集)/名优家电系列丛书,张传轮,人民邮电出版社,32,32,0
9787115146885,ASP服务系统开发案例精选,盖天宇,人民邮电出版社,49,49,0
9787115156839,CorelDRAW童装款式设计案例精选,马仲岭,人民邮电出版社,45,45,0
9787115165398,AdobeInDesignCS2认证考试指南,段炼DDC传媒Adobe专家委员会,人民邮电出版社,32,32,0
9787115165763,无师自通,北斗星文化传媒,人民邮电,32,32,0
9787115168733,电机与电气控制,施振金编,人民邮电,20,20,0
9787115170873,智慧公主能力大考验,童趣出版有限公司,人民邮电,13.5,13,0
9787115173591,无师自通,星光科技,人民邮电,24.8,24,0
9787115174161,【年末清仓】新大纲,候俊伯,人民邮电,28,28,0
9787115178084,ADOBEDREAMWEAVERCS3标准培训教材,薛欣Adobe专家委员会DDC传媒,人民邮电出版社,36,36,0
9787115178992,Excel高效办公,ExcelHome,人民邮电出版社,49,49,0
9787115186126,餐馆老板案头手册,蔡万坤靳星杨昆,人民邮电出版社,58,58,0
9787115189493,SQLServer2005管理员手册,惠伦GarciaPatelMisner黄湘情谢琳张静妍,人民邮电出版社,108,108,0
9787115199126,简氏坦克与装甲车鉴赏指南,福斯,人民邮电出版社,59,59,0
9787115200891,飞屋环游记,美国迪士尼公司童趣出版有限公司,人民邮电出版社,14.8,14,0
9787115203793,用事实说话,[美]马克·墨菲（MarkMurphy）,人民邮电出版社,49,49,0
9787115209597,打造超人气网店,韩国DynamixerWell企划室,人民邮电,49,49,0
9787115219008,UX设计之道,[美]钱德勒,人民邮电出版社,35,35,0
9787115219015,3GPP系统架构演进,朱丽姜怡华许慕鸿习建德,人民邮电出版社,65,65,0
9787115232038,哈代数论,D.Roger,人民邮电出版社,69,69,0
9787115241122,无线多媒体传感器网络技术,王汝传孙力娟,人民邮电出版社,32,32,0
9787115242594,Python参考手册（第4版）,DavidM.Beazley,人民邮电出版社,89,89,0
9787115243232,美国简明摄影教程,伦敦斯通杨健陈欣钢,人民邮电出版社,69,69,0
9787115248862,外行学Access2003从入门到精通,神龙工作室,人民邮电,45,45,0
9787115268310,巴啦啦小魔仙魔仙手工学园.梦幻空间,广州奥飞文化传播有限公司|主编:童趣出版有限公司,人民邮电,18.8,18,0
9787115270191,九型人格说话术,李国辉,人民邮电,32,32,0
9787115274175,iPhone摄影,阿默,人民邮电出版社,49,49,0
9787115277244,北海道悠游旅行,墨刻编辑部,人民邮电,32,32,0
9787115278692,CanonPowerShotG12使用详解,JeffCarlson,人民邮电出版社,49,49,0
9787115282965,失去苹果树-懒羊羊外传认读故事-3,广东原创动力文化传播有限公司童趣出版有限公司,人民邮电出版社,16.8,16,0
9787116011465,长江三峡工程重大地质与地震问题研究,《长江三峡工程重大地质与地震问题研究》编写组,地质出版社,6.8,6,0
9787116025578,松辽盆地反转构造,等,地质出版社,10,10,0
9787116027404,地下采矿系统分析与综合集成,等,地质出版社,20,20,0
9787116046887,矿产资源规划实施评估,鹿心社,地质出版社,128,128,0
9787116066342,山西省代县金红石矿的矿物学及矿床成因研究,庞尔成,地质出版社,20,20,0
9787117030441,不孕与不育,罗丽兰编,人民卫生出版社,90,90,0
9787117032933,英语.上册,人民卫生出版社,人民卫生出版社,18.2,18,0
9787117033046,中医基本常识,柴瑞霁编,人民卫生出版社,9.1,9,0
9787117040570,介入性磁共振成像,Debatin,人民卫生出版社,207,207,0
9787117051521,内分泌疾病中西医结合诊治,黄贵心等编,人民卫生出版社,60,60,0
9787117054119,中西医结合消化病学,危北海等编,人民卫生出版社,90,90,0
9787117065030,多器官衰竭,E.Baue,人民卫生出版社,110,110,0
9787117065733,组织行为学,陈力编,人民卫生出版社发行部,25,25,0
9787117070102,SPSS13.0统计软件应用教程,陈平雁,人民卫生出版社,33,33,0
9787117074421,临床诊疗指南,中华医学会,人民卫生出版社,16,16,0
9787117075152,牛津临床泌尿外科手册,雷纳德,人民卫生出版社,40,40,0
9787117075954,妊娠合并症,盖戈,人民卫生出版社,78,78,0
9787117077170,妇产科护理学学习指导及习题集,顾炜,人民卫生出版社,20,20,0
9787117086677,寿亲养老新书,陈直,人民卫生,14,14,0
9787117093637,康复心理治疗方案,宋为群,人民卫生,29,29,0
9787117113434,针灸治疗颈椎病,杜琳编,人民卫生,14,14,0
9787117136839,波前像差与临床视觉矫正,王雁//赵堪兴,人民卫生,115,115,0
9787117150750,2012全国护士执业资格考试指导,全国护士执业资格考试用书编写专家委员会,人民卫生,128,128,0
9787117159296,病理学,李澎涛范英昌,人民卫生出版社,58,58,0
9787117167819,2013医学综合笔试考前必做6000题临床执业医师,叶波编,人民卫生出版社,80,80,0
9787117189705,言语治疗技术（第2版高职中医康复）,田莉,人民卫生出版社,24.6,24,0
9787117191784,先天性心脏病经胸微创封堵术,邢泉生　主编,人民卫生出版社,149,149,0
9787117197779,小儿脑性瘫痪作业治疗,李林,人民卫生出版社,39.8,39,0
9787117206396,2型糖尿病患者自我管理一本通,北京糖尿病防治协会,人民卫生出版社,35,35,0
9787117221146,眼整形美容外科图谱（第2版/配增值）,李冬梅,人民卫生出版社,425,425,0
9787117222082,盆腔疾病影像图谱,刘玉品,人民卫生出版社,168,168,0
9787117224703,重症医学：规范·流程·实践,杨毅　主编,人民卫生出版社,32,32,0
9787117224772,影像学(第2版/本科中医药类/配增值),王芳军,人民卫生出版社,43,43,0
9787117237277,麻省总医院精神病学手册（第6版翻译版）,斯坦恩许毅,人民卫生出版社,124.8,124,0
9787117254281,澄江针灸学派：特色针灸操作技术（配增值）,张建斌夏有兵,人民卫生出版社,56.7,56,0
9787117269445,乳腺病五十年临证精要,杜青坡杜娟,人民卫生出版社,22.8,22,0
9787118028454,应用服务器专家解决方案,张云峰,国防工业出版社,32,32,0
9787118031829,电脑上网培训教程与上机实践,金榜教育资讯,国防工业出版社,26,26,0
9787118037180,触类旁通,萧宿荣编,第1版(2005年1月1日),17,17,0
9787118037319,IELTS作文模板100篇,周克江,国防工业出版社,25,25,0
9787118040296,司令部工作教程,王文龙,国防工业出版社,36,36,0
9787118042764,电脑室内装修设计实例与技巧,可小军,国防工业出版社,38,38,0
9787118044119,船舶动力装置安装工艺学,陆金铭,国防工业,18,18,0
9787118058550,数字电路与逻辑设计实用教程,韩桂英,国防工业出版社,33,33,0
9787118066449,GNSS单频软件接收机应用与编程,易维勇,国防工业出版社,29,29,0
9787118072860,软件可靠性工程,陆民燕编,国防工业出版社,48,48,0
9787118072914,大学英语口语教程,高丙梁于莹,国防工业出版社,19,19,0
9787118074222,数值仿真及其在航天发射技术中的应用,傅德彬编,国防工业,48,48,0
9787118074581,无线通信中迭代均衡技术,罗显平,国防工业,39,39,0
9787118089141,口译新视角：理论与实践,金奕彤,国防工业出版社,39,39,0
9787118099232,卫星导航信号模拟源理论与技术,杨俊,国防工业出版社,78.4,78,0
9787118106022,野战火箭武器概论,韩珺礼王雪松刘生海,国防工业出版社,65.6,65,0
9787118113501,分离式霍普金森（考尔斯基）杆的设计、试验和应用,陈为农宋博姜锡权卢玉斌,国防工业出版社,78.4,78,0
9787118114331,战法实验理论与方法,王本胜赵子海,国防工业出版社,39.2,39,0
9787119002101,你那么文艺为何还没有工作,九层传播,浙江省期刊总社;第1版,3,3,0
9787119018478,长江三峡,外文社,外文出版社,39,39,0
9787119020839,英语写作技巧新编,汪福祥,外文出版社,18,18,0
9787119020853,管理战略,辛德(英),外文出版社,12.8,12,0
9787119021522,汽车城,阿瑟.黑利(加拿大),外文出版社,17.8,17,0
9787119027104,英语模糊语法,王逢鑫,外文出版社,20,20,0
9787119037455,英汉对照心灵阅读,王亚男,外文出版社,15.8,15,0
9787119040660,初中英语语法,《非常英语专项进阶》编写组,外文出版社,16.8,16,0
9787119048802,英汉词典,李大琦编,外文出版社,45,45,0
9787119059518,看！我是万变英语情景任意门,梁娜曲晓东王赫男,外文出版社,38,38,0
9787119060255,江泽民文选-第1卷-英文版,ZeminJiang,ForeignLanguagesPress,90,90,0
9787119070476,新课标·多功能版小学生歇后语谚语俗语惯用语词典,《小学生歇后语谚语俗语惯用语词典》编写组编,外文,19.8,19,0
9787119073613,挑战与展望,WeiweiZhang,ForeignLanguagesPress,128,128,0
9787119082011,金钱创造历史,赖纳?特劳布,外文出版社,39,39,0
9787120001124,计算机系统设计与结构,休林,电子工业出版社,55,55,0
9787121007170,信息时代军事变革与指挥控制,阿尔伯特,电子工业出版社,25,25,0
9787121009198,微型计算机原理及应用,朱定华戴汝平,电子工业,25,25,0
9787121011474,供应商与大卖场合作之道,潘文富,电子工业出版社,22,22,0
9787121012860,超级芯片和单片数码彩电电路分析与检修,王忠诚,电子工业出版社,42,42,0
9787121022135,培养高效执行的员工,米基·霍利迪,电子工业出版社,28,28,0
9787121022944,健康自己负责,[美]爱德华克里埃根,电子工业,28,28,0
9787121026829,市场营销英语基础,范学红,电子工业出版社,14.7,14,0
9787121027253,画法几何基础及机械制图,刘黎,电子工业,35,35,0
9787121036965,ArcObjects开发指南,冯克忠,电子工业,45,45,0
9787121038198,中国模具工程大典（第5卷）,夏巨谌编,电子工业,109,109,0
9787121043581,Excel2007电子表格处理实用教程,刘小伟,电子工业,48,48,0
9787121044298,园林计算机辅助设计,黄心渊,电子工业,35,35,0
9787121049583,新编国内外三极管速查手册,本书编写组编,电子工业,138,138,0
9787121054686,实用谈判技法大全,《实用文库》编委会编,电子工业出版社,75,75,0
9787121055959,基础工业造型,林春深,电子工业,42,42,0
9787121059612,C++Builder案例开发集锦,黄铝文,电子工业出版社,45,45,0
9787121063589,最新税收政策详解与实务应用手册,翟继光张晓冬,电子工业出版社,55,55,0
9787121065279,大脑使用手册,[美]丹尼尔·G·阿门,电子工业出版社,29,29,0
9787121074257,嵌入式系统开发基础,腾英岩,电子工业出版社,25,25,0
9787121077098,2008年全国无线电应用与管理学术会议论文集,谢飞波全国无线电应用与管理学术会议,电子工业出版社,98,98,0
9787121078743,中国旅游地理,张志宇胡柏翠,电子工业出版社,28,28,0
9787121084362,电工简明手册,李雅轩,电子工业出版社,19.8,19,0
9787121098642,AutoCAD2009中文版应用教程,曾令宜史先进,电子工业出版社,34,34,0
9787121103308,成为淘宝创业的超级毕业生,贾少华,电子工业出版社,29,29,0
9787121104206,电子装配工技能实训与考核指导（中、高级工）,杜江淮,电子工业,24,24,0
9787121108785,实战网络营销,张书乐,电子工业出版社,45,45,0
9787121117404,大中型网络入侵要案直击与防御,肖遥,电子工业出版社,79,79,0
9787121123146,现代控制工程,尾形克彦(KatsuhikoOgata),电子工业出版社,85,85,0
9787121125935,马德里,霍兰韦德阿诺德芦雅楠李斌李昆鹏,电子工业出版社,39,39,0
9787121136573,PhotoshopCS3图形图像处理,张巍张穗宜,电子工业出版社,32,32,0
9787121136962,汽车车身电控系统检修,李华,电子工业出版社,26,26,0
9787121138782,转念就转运,刘明凡,电子工业,25,25,0
9787121142055,泛在应用与创新,工业和信息化部,电子工业出版社,128,128,0
9787121149344,初中化学知识结构图解,魏子鑫,电子工业,15,15,0
9787121150760,跟爱因迪生学电子元器件,爱因迪生,电子工业出版社,25,25,0
9787121158919,第99只羊（全三册）,(德)达格玛·亨泽绘,电子工业出版社,41.4,41,0
9787121200908,物联网感知技术与应用（上）,汤一平,电子工业出版社,78,78,0
9787121210341,外贸英语对话,郭丽辉　主编,电子工业出版社,28,28,0
9787121214080,电工作业,梁燕清,电子工业出版社,22,22,0
9787121214097,Director多媒体应用教程,许晓洁仲福根顾彩莉,电子工业出版社,23.5,23,0
9787121217685,电子产品故障预测与健康管理,陆裕东,电子工业出版社,39,39,0
9787121238857,大型分布式网站架构设计与实践,陈康贤,电子工业出版社,79,79,0
9787121259739,新电工实用电路600例,邢军　编著,电子工业出版社,49.8,49,0
9787121283024,AutoCAD2016中文版快捷命令权威授权版,ACAA教育,电子工业出版社,45,45,0
9787121288715,会吃的女人气色好爱动的女人不易老,刘建平　主编,电子工业出版社,49.8,49,0
9787121289750,区块链,赵刚,电子工业出版社,49,49,0
9787121299155,118种奇思妙想的科学与创意游戏,Helen,电子工业出版社,34.4,34,0
9787200046083,饮食话源,张辅元,北京出版社,27,27,0
9787200055832,奇妙的记忆,徐晓敏编,北京出版社,8,8,0
9787200059151,吴裕泰,毛白鸽,北京出版社,98,98,0
9787200067477,三国志,陈寿,北京出版社,19.9,19,0
9787200084597,银色的维也纳,于志强,北京出版集团公司,300,300,0
9787200087055,加菲猫,吉姆·戴维斯,北京,28,28,0
9787200126402,专家细说中风,陈晓红主编,北京出版社,22,22,0
9787200130768,直到世界尽头——从北京到好望角的单车骑行日志,小北京,北京出版社,49,49,0
9787200135299,春明梦余录,王剑英点校,北京出版社,198,198,0
9787200139365,波兰,德国梅尔杜蒙公司,北京出版社,49,49,0
9787201022765,《两地书》研究,王得后,天津人民出版社,16,16,0
9787201041483,语文。2005年全国中考试题,杨志芳,天津人民出版社,13.8,13,0
9787201041674,无限透明之蓝,郝建,天津人民出版社,16,16,0
9787201046419,镜花缘,(清)李汝珍,天津人民出版社,12.8,12,0
9787201070575,2010年度短篇小说精选,林霆段守新中国小说学会,天津人民出版社,28,28,0
9787201073217,艰,于永玉迟卉,天津人民出版社,19.8,19,0
9787201075631,历史.时势.人心,雷海宗,天津人民出版社,48,48,0
9787201091228,庄子全鉴（耀世典藏版）,庄子芳园,天津人民出版社,29.9,29,0
9787201112879,停止吼叫教育孩子请别任性,编者:文静,天津人民,36.8,36,0
9787201118413,环地福分类字课图说,〔清〕储星远/校,天津人民出版社,999,999,0
9787201137728,托尔斯泰自述,[俄]列夫·托尔斯泰,天津人民出版社,58,58,0
9787201138602,白蛇,严歌苓,天津人民出版社,39.8,39,0
9787201152110,为了孩子,陈冰,天津人民出版社,59.8,59,0
9787202004722,二十世纪美国史,黄安年,河北人民出版社,7.05,7,0
9787203045281,全功能万年历,王艳芳等编,山西人民出版社,18,18,0
9787203073949,SAS语言教程及其应用,张应山//张晓琴//李顺勇,山西人民,60,60,0
9787203080725,云图书馆理论与实践,王红,山西人民出版社发行部,38,38,0
9787203083283,忻州市河道管理实用指南,李建平　等编著,山西人民出版社发行部,68,68,0
9787203087250,一蓑烟雨任平生——父母双亲回忆录,张忠义,山西人民出版社发行部,28,28,0
9787203091356,老歌的发现,杨浪,山西人民出版社,48,48,0
9787203102649,近代戏曲档案文献丛编/近代散佚戏曲文献集成·戏曲史料汇28,齐如山,山西人民出版社三晋出版社,157.5,157,0
9787204088614,小学生提高语文成绩的500个必读故事,史燕龙,内蒙古人民,21.6,21,0
9787204104505,名人传,(法)罗曼·罗兰,内蒙人民,19.8,19,0
9787204126224,内蒙古旅游文化丛书：内蒙古自然奇观（全彩图文版）,冯军胜,内蒙古人民出版社,15.8,15,0
9787205053123,新读写大语文·小学四卷,任彦钧编,辽宁人民出版社,10,10,0
9787205067861,好心情离不开心理学,李丽,辽宁人民,25,25,0
9787205076047,告诉世界我能行,葛永慧,辽宁人民出版社,24,24,0
9787205095468,拣尽寒枝不肯栖：苏东坡传,凉月满天,辽宁人民出版社,48,48,0
9787206052385,思想品德,王耀鹏,吉林人民,17.8,17,0
9787206055379,中华上下五千年,崔钟雷,吉林人民出版社,19.8,19,0
9787206071737,塑造安全,戴维·坎贝尔,吉林人民出版社,42,42,0
9787207004345,黄天霸全传,果志等,黑龙江人民出版社,10,10,0
9787207052377,生命在风雪中:梁南论(精装),梁伦,黑龙江人民出版社,10,10,0
9787207062277,踏入社会必学的50件事,黄明耀,黑龙江人民出版社,15.8,15,0
9787207071101,世界经典名著文库-童年在人间我的大学,高尔基,黑龙江人民出版社,18,18,0
9787207085955,招抚宁古塔,赵君伟,黑龙江人民出版社,26,26,0
9787208023727,写在子夜,陈思和,上海人民出版社,12.8,12,0
9787208027220,知青咸淡录,邹静之,上海人民出版社,10.6,10,0
9787208045200,市场反应模型,（美）汉森等,上海人民出版社,48,48,0
9787208045224,中国社会主义意识形态建设纵论,朱兆中,上海人民出版社,30,30,0
9787208057920,外国直接投资、国内资本与中国经济增长,罗长远,上海人民,20,20,0
9787208059030,上海金融年鉴2005,上海金融年鉴编辑部编,上海人民出版社,220,220,0
9787208060326,创新风暴,创新风暴2005CCTV中国经济年度人物评选组,上海世纪出版集团（上海人民出版社）,38,38,0
9787208063105,体态语言,亚德里安·弗海姆,上海人民,12,12,0
9787208063242,时间管理,梅特兰,上海人民,11,11,0
9787208068568,巴尔扎克《人间喜剧》中的生活,[法]菲利普·贝尔捷,上海人民出版社,34,34,0
9787208073746,党的创新理论研究论丛（第1辑）,中共上海市委宣传部理论处编,上海人民出版社,38,38,0
9787208079168,世界的智慧,[法]莱米·布拉格,上海人民出版社,32,32,0
9787208093201,机甲兽神对战大秘籍,漫界文化编,上海人民,16,16,0
9787208102743,埃及社会保障制度,李超民,上海人民,48,48,0
9787208104013,九歌.绿衣,米兰Lady,上海人民出版社世纪文睿出品,26,26,0
9787208116306,醒来在托斯卡纳,韩良忆,世纪文景/上海人民出版社,39,39,0
9787208119055,善意恶行,（英）凯特·阿特金森,上海人民出版社/世纪文睿,35,35,0
9787208119710,谁曾路过春暖花开,李琬愔,上海人民出版社/世纪文睿,25,25,0
9787208128699,失忆的年代,[瑞典]谢尔·埃斯普马克,上海人民出版社,88,88,0
9787208130241,城市社会个体化进程中的当代老年家庭,杨雪晶,上海人民出版社,27.7,27,0
9787208138841,被仰望与被遗忘的,[美]盖伊·特立斯,上海人民出版社,65,65,0
9787208143609,中国科举制度通史·辽金元卷,高福顺,上海人民出版社,110,110,0
9787208144217,创新与转型,徐建刚中共上海市委,上海人民出版社,69.3,69,0
9787208147089,美国对华贸易政策政治经济学研究,胥丽,上海人民出版社,30.4,30,0
9787208150034,读书毁了我,王强,世纪文景|上海人民出版社,59,59,0
9787208150195,悲剧的诞生,[德]弗里德里希·尼采著,上海人民出版社,52,52,0
9787208153448,筑梦喀什情系丝路,薛锡祥,上海人民出版社,48,48,0
9787209042291,2012版山东省公务员录用考试专用教材,李永新编,山东人民出版社,48,48,0
9787209053013,医学应用文写作,李一鸣王爱香,山东人民出版社,34,34,0
9787209071253,青藏路.岁月棋,刘永源,山东人民出版社,32,32,0
9787209092135,泇运河的前世今生,董运启,山东人民出版社,28.5,28,0
9787209094986,应用文写作,史英新,山东人民出版社,24,24,0
9787210024392,失控的世界,[英]安东尼·吉登斯,江西人民出版社,15,15,0
9787210030331,20世纪的文化变革,丁晓强,江西人民出版社,29,29,0
9787210035466,因为我爱你,陆可铎（MAXLUCADO）,江西人民出版社,16,16,0
9787210035565,皇权与相权,杜雅萍,江西人民,38,38,0
9787210044529,慧缘大师教你学风水（全二册）,慧缘,江西人民,34.8,34,0
9787210044987,听星云大师讲人生智慧,史慧莉,江西人民,32.8,32,0
9787210086598,你的人格魅力终将成就你自己：每天读点弗洛伊德,梦芝,江西人民出版社,24.6,24,0
9787210104636,别输在太敏感上,春日,江西人民出版社,31.5,31,0
9787211002283,耗散结构与系统演化,颜泽贤,福建人民出版社,1.5,1,0
9787211016112,社会主义与个人的解放,李光远,福建人民出版社,3.35,3,0
9787211052790,趣说古代官场生态,完颜绍元,福建人民出版社,32,32,0
9787211056316,古田方言熟语歌谣,李滨,福建人民,16.5,16,0
9787211061471,阐释的焦虑,刘小新,福建人民出版社,30,30,0
9787211066865,纽约不顺利抵达,张哲,福建人民出版社,30,30,0
9787211068609,严复年谱,孙应祥,福建人民出版社,150,150,0
9787211079650,数字福建,福建省数字福建建设领导小组办公室,福建人民出版社,128,128,0
9787212060190,弗洛伊德与莎乐美通信集,[俄]露·安德烈亚斯-莎乐美,安徽人民出版社,38,38,0
9787212060893,明天醒来还有青春,嘉倩,安徽人民出版社,32.8,32,0
9787212067274,中国名校指南（彩色图文版）,王恃雷　主编,安徽人民出版社,48.8,48,0
9787213004384,绅士道与武士道：日英比较文化论,（英）丽月塔（TrevorPryceLeggett）,浙江人民出版社,3.4,3,0
9787213017650,功过格,[美]包筠雅,浙江人民出版社,16.5,16,0
9787213018091,国学与汉学,桑兵,浙江人民出版社,19,19,0
9787213032592,凤鸣华冈,王永太,浙江人民,20,20,0
9787213095139,哈佛学子“无我”专注力,王子欣,浙江人民出版社·,58,58,0
9787213097355,财务自由新思维：索罗斯的投资哲学,苑举正,浙江人民出版社,58,58,0
9787214024695,创意风景摄影100例,谷威,江苏人民出版社,17,17,0
9787214029140,社会正义原则,[英]戴维·米勒,江苏人民,26,26,0
9787214057402,苏俄马克思主义的资本主义观,陈培永,凤凰出版传媒集团/江苏人民出版社,45,45,0
9787214059093,哥伦布之墓,MiguelRuizMontanze,江苏人民出版社,22,22,0
9787214061447,醉眼看李白,车延高,江苏人民出版社,25,25,0
9787214065971,我们都要性小康,李扁,江苏人民出版社,25,25,0
9787214066107,艾利寻亲记,(英)霍莉·韦伯|译者:李红侠,江苏人民,10,10,0
9787214068378,六朝精神史研究,吉川忠夫,江苏人民出版社,40,40,0
9787214165664,学会和领导面对面说话,余世伟,江苏人民出版社,35,35,0
9787214191625,法律解释学读本,王叶刚,江苏人民出版社/江苏凤凰美术出版社,35,35,0
9787214207142,什么是中华传统美德,徐小跃,江苏人民出版社,45,45,0
9787214240538,古希腊和罗马城邦经济社会史文献选辑,解光云,江苏人民出版社,98,98,0
9787215060036,论语说,闫合作,河南人民出版社,28,28,0
9787215090491,张裕钊年谱长编,孙莹莹,河南人民出版社,48,48,0
9787215094321,青少年百科知识文库（自然密码）：神奇的地球,司马法良,河南人民出版社,23.5,23,0
9787216045780,农地产权制度创新与农民土地财产权利保护,陈明,湖北人民出版社,24,24,0
9787218025384,刘少奇之路,黄峥,广东人民出版社,20,20,0
9787218046884,明代大儒陈白沙,曹太乙,广东人民出版社,10,10,0
9787218051758,基督教历史,法兰克·卡尔蒂尼,广东人民出版社,30,30,0
9787218060514,周易辨原,黄天骥,广东人民出版社,48,48,0
9787218061801,汗牛养生馆第1季,利盛莉编,广东人民,8,8,0
9787218066035,晚清小说大家,左鹏军,广东人民出版社,15,15,0
9787218068077,现代学林点将录,胡文辉,广东人民出版社,68,68,0
9787218088792,岭南理论视野丛书·经验、行动与效果的彰显：杜威价值论研究,余泽娜,广东人民出版社,17.5,17,0
9787218116396,商界之道,《博客天下》杂志社编著,广东人民出版社,39,39,0
9787218122267,看视频！轻松学做暖胃早餐,甘智荣,广东人民出版社,24.1,24,0
9787218127286,梁冬说庄子·齐物论,梁冬,广东人民出版社,69.9,69,0
9787218135182,我亲爱的偏执狂,姚一十,广东人民出版社,48,48,0
9787218137629,南岭历史地理研究·第三辑,吴滔,广东人民出版社,42,42,0
9787219050446,汉末浮生记之袤原驰骋(上下)(平装),龙鹰凌,广西人民出版社,32,32,0
9787219057827,图说论语100名言,赵炳臣,广西人民出版社,19.8,19,0
9787219073353,御宅女赖上贵公子,亚未,广西人民,25,25,0
9787219075685,太空城市,吴国兴薛滔,广西人民出版社,38,38,0
9787219096161,家庭花卉种养100招,周传林,广西人民出版社,28.5,28,0
9787220041167,简明古汉语字典,张永言编,四川人民出版社,55,55,0
9787220055744,马克思主义基础理论,王万民,四川人民出版社,32,32,0
9787220056000,外国文学名著导读,刁纯志编,四川人民出版社,25,25,0
9787220077128,都江堰的历史功臣张沅父子(平装),张良羽,四川人民出版社,20,20,0
9787220085307,哈达瑜伽之光,斯瓦特玛拉摩,四川人民,36,36,0
9787220096907,狼女寻母三部曲狼女寻母记/郑冠群,郑冠群,四川人民出版社,19.2,19,0
9787221081711,热气球惊魂,李国伟,贵州人民,12,12,0
9787221160041,如何停止不开心,AndreaOwen,后浪丨贵州人民出版社,39.8,39,0
9787222029002,寻找陌生的西藏,彭见明,云南人民出版社,12,12,0
9787222029385,聆听西藏-以图片的方式,张维张晓岚选编,云南人民,49.5,49,0
9787222063907,诡刺,纷舞妖姬,云南人民,29.8,29,0
9787222082793,梦的解析,【奥】弗洛伊德,云南人民出版社,35,35,0
9787222084766,爱尔兰民间故事选编,丁振祺编译,云南人民出版社,33,33,0
9787222115040,南天一柱唐继尧,胡珺,云南人民出版社,22,22,0
9787222147645,泰语报刊阅读教程,杨万洁,云南人民出版社,35,35,0
9787222160729,逃亡的情人(长篇小说卷),李钧龙,云南人民出版社,33.8,33,0
9787223027359,凡情与佛心,凡情与佛心六世达赖情诗选编写组,西藏人民,38,38,0
9787223027533,细节中的文明,范学德,西藏人民出版社,25,25,0
9787224074208,经济学原理（上下）,马歇尔,陕西人民出版社,55,55,0
9787224108934,世界伟人传记：成吉思汗,陈秋帆,陕西人民出版社,16.5,16,0
9787226013878,基督山伯爵(上下),大仲马,甘肃人民出版社,29,29,0
9787226037065,敦煌古代书法艺术,马昕,甘肃人民出版社,30,30,1
9787226042489,多元宗教文化视野下的中外关系史,华侨大学华人华侨研究院编,甘肃人民出版社,48,48,0
9787226046845,中共甘肃省委党校学者文库宋圭武集,宋圭武,甘肃人民出版社,46,46,0
9787227038368,中国共产党固原革命史,马文清中国固原市委党史研究室,宁夏人民出版社,48,48,0
9787228051595,在森林在草原,唐戈,新疆人民出版社,20.8,20,0
9787228117901,艺术,周红//禾苗卡通,新疆人民,3.8,3,0
9787300019437,研究生英语精读教程(上),刘利君,中国人民大学出版社,26,26,0
9787300031439,写作,韩满玲,中国人民大学出版社,18,18,0
9787300034126,失业保险,杨伟民编,中国人民大学出版社,23,23,0
9787300043173,美学概论,牛宏宝,中国人民大学出版社,17,17,0
9787300043272,非营利组织战略营销,科特勒,中国人民大学出版社,58,58,0
9787300045849,并非有效的市场,none,人民大学,48,48,0
9787300047027,新产品开发,马克?扬西蒂,中国人民大学出版社,22,22,0
9787300050430,PM,秦志华张建军,中国人民大学出版社,35,35,0
9787300054216,光的颜色,[英]梅雷迪恩·胡珀等,人民大学,15,15,0
9787300055015,短期目标,（美）查克?马丁,中国人民大学出版社,48,48,0
9787300057590,文化与变革,孙震等译,中国人民大学出版社,20,20,0
9787300060002,中国人民大学徐悲鸿艺术学院2004届毕业生作品集,徐庆平编,人民大学,108,108,0
9787300066158,地籍管理的原理与方法,谭峻,中国人民大学出版社,22,22,0
9787300069838,公务员礼仪,金正昆,人民大学,25,25,0
9787300074283,供应链管理实务,特里·P·哈里森等,人民大学,29,29,0
9787300077093,新企业会计准则,戴德明,中国人民大学出版社,65,65,0
9787300086651,PLIP时代,（法）雅科米,中国人民大学出版社,25.8,25,0
9787300087368,中国经济发展中的资本问题研究,王佩真,人民大学,39,39,0
9787300095684,经济增长的道德意义,本杰明·M·弗里德曼(BenjaminM.Friedman),中国人民大学出版社,55,55,0
9787300098418,施罗德运营管理,罗杰·G·施罗德,中国人民大学,79.8,79,0
9787300105000,MBA联考英语词汇实战指南,成芬,中国人民大学出版社,49,49,0
9787300113364,清代社会的贱民等级,经君健,中国人民大学出版社,29.8,29,0
9787300115962,理解资本主义（第3版）,弗兰克·罗斯福,中国人民大学出版社,66,66,0
9787300128573,新托福高分阅读,李秋编,中国人民大学出版社,45,45,0
9787300134017,公共关系学教程,齐小华,中国人民大学出版社,42,42,0
9787300135205,跨媒体传播基础教程,赵云泽编,中国人民大学出版社,29.8,29,0
9787300148373,金融风险管理师考试手册,菲利普·乔瑞,中国人民大学出版社,168,168,0
9787300157337,清代前中期黄庭坚诗接受史研究,陈伟文,中国人民大学出版社,28,28,0
9787300161655,在一颗名叫哈姆莱特的星下,王家新,中国人民大学出版社,35,35,0
9787300166216,战略管理,[美]罗伯特·E·霍斯基森,中国人民大学出版社,59,59,0
9787300168388,中国传统哲学通论,宋志明,中国人民大学出版社,36,36,0
9787300174846,经济管理类课程教材·税收系列：税法,梁俊娇孙亦军,中国人民大学出版社,31.5,31,0
9787300189178,计算机应用基础（windowsXP版）/中等职业教育规划教材,范绍昌阮丽纳林惠玲,中国人民大学出版社,29.5,29,0
9787300193489,金融工程学原理,萨利赫·N·内夫特奇,中国人民大学出版社,88,88,0
9787300197395,页岩革命,【美】格雷戈里?祖克曼,中国人民大学出版社,49,49,0
9787300206257,现代时间序列分析导论,乌沃·哈斯勒,中国人民大学出版社,39.8,39,0
9787300212517,银行大堂服务/中等职业学校金融事务专业课程改革创新系列教材,侯庆辉,中国人民大学出版社,19.8,19,0
9787300218090,中国税制/全国会计领军人才丛书·会计系列,曹越谭光荣曹燕萍,中国人民大学出版社,50.4,50,0
9787300226187,2017年考研政治理论复习导本,李淮春,中国人民大学出版社,47.9,47,0
9787300228969,开始写吧！——推理小说创作,雪莉·艾利斯劳丽·拉姆森,中国人民大学出版社,45,45,0
9787300232324,亚里士多德全集,[古希腊]亚里士多德（Αριστοτ?λη?）,中国人民大学出版社,880,880,0
9787300236056,现代应用文书写作(第5版21世纪高职高专规划教材)/公共课系列,编者:杨文丰,中国人民大学,39.8,39,0
9787300240671,中共党史人物传,中国中共党史人物研究会,中国人民大学出版社,52,52,0
9787300240985,中共党史人物传,中国中共党史人物研究会,中国人民大学出版社,64,64,0
9787300243979,新三板挂牌融资法律业务培训手册,张雷平云旺,中国人民大学出版社,48,48,0
9787300256962,新环境保护法四个配套办法实施与适用评估报告（2015-2017年）,竺效,中国人民大学出版社,60,60,0
9787301032275,软件工程,王立福麻志毅张世琨编著,北京大学出版社,29,29,0
9787301034453,潘光旦文集,潘乃和等,北京大学出版社,35,35,0
9787301055977,微积分,曹镇潮,北京大学出版社,32,32,0
9787301067567,如何进行生产作业管理,陈红,北京大学出版社,32,32,0
9787301075517,英国城市发展的理论与实践及对深圳的借鉴,胡细银,北京大学出版社,25,25,0
9787301080948,文学阅读学,龙协涛,北京大学出版社,22,22,0
9787301083635,简明大学物理（上册）,盛嘉茂,北京大学出版社,23,23,0
9787301084526,解放,方文军,北京大学出版社,26.8,26,0
9787301086193,区域安排法律问题研究,王贵国编,北京大学出版社,25,25,0
9787301087343,网络技术与教育技术,缪蓉,北京大学出版社,19,19,0
9787301088111,经济全球化与中国特色社会主义,黄宗良等编,北京大学出版社,28,28,0
9787301089088,整合与颠覆,赵勇,北京大学出版社,32,32,0
9787301093108,这样管理最有效,杨台轩,北京大学出版社,28,28,0
9787301094778,中华文化承传（共4册）,施仲谋主编,北京大学出版社,200,200,0
9787301102824,王蒙小说文体研究,郭宝亮,北京大学出版社,22,22,0
9787301104217,仲裁法学,崔卓兰,北京大学出版社,13,13,0
9787301104439,综合布线技术教程与实训,刘省贤,北京大学出版社发行部（电子）,33,33,0
9787301110492,电工电子基本技能实训,金仁贵,北京大学出版社,29,29,0
9787301111505,证券法学,刘黎明主编,北京大学,28,28,0
9787301113189,黄金心态,宋振杰,北京大学出版社,20,20,0
9787301126332,国际贸易与国际收支,RonaldJones,北京大学,68,68,0
9787301126783,科学社会主义理论与实践,岳川夫等,北京大学出版社,39,39,0
9787301128282,文献资源发展政策研究,戴龙基,北京大学,36,36,0
9787301133125,破产欺诈法律规制研究,张艳丽,北京大学出版社,38,38,0
9787301138465,刑事审判前沿问题思考,刘树德于同志,北京大学出版社,49,49,0
9787301142202,辉煌与成熟,张帆,北京大学,25,25,0
9787301144626,材料力学,陈忠安王静,北京大学出版社,30,30,0
9787301145364,管理会计,[美](DonR.Hasen）唐-汉森,北京大学出版社,79,79,0
9787301147573,哈佛规则,理查德·布瑞德利,北京大学出版社,48,48,0
9787301154151,财务分析教程,朱学义李文美刘建勇朱亮峰,北京大学出版社,45,45,0
9787301161234,日文报刊文章选读,刘振泉刘浩,北京大学出版社,26,26,0
9787301165010,蔡元培与现代中国,蔡元培研究会编,北京大學出版社,53,53,0
9787301172667,英汉对比法律语言学,宋雷//张绍全,北京大学,32,32,0
9787301175583,东方智慧,辜鸿铭,北京大学出版社,34,34,0
9787301188477,文学与美国的大学,【美】欧文·白璧德,北京大学出版社,28,28,0
9787301194164,中国大学校长演讲录·毕业篇,潘鸿雁,北京大学,32,32,0
9787301198940,大学物理通用教程.电磁学,陈秉乾王稼军,北京大学出版社,25,25,0
9787301203972,生命如何作答,彼得·辛格,北京大学出版社,35,35,0
9787301204597,模拟导游实务,王延君编,北京大学出版社,25,25,0
9787301205143,水利社会的类型,张俊峰,北京大学出版社,44,44,0
9787301207222,大学英语教程,余素青,北京大学出版社有限公司,28,28,0
9787301210758,穿越后现代,邵亦杨,北京大学出版社,42,42,0
9787301214213,翰墨荟萃,上海博物馆,北京大学出版社,120,120,0
9787301226612,春心无处不飞悬,张继青,北京大学出版社,46,46,0
9787301228081,生旦净末丑的乾坤:梨花带雨(第2版),谭帆徐坤,北京大学出版社,56,56,0
9787301242766,北大讲座精华集（经济）,阮草,北京大学出版社,51.2,51,0
9787301252154,法律援助“三项标准”规范性文件汇编,司法部,北京大学出版社,31,31,0
9787301257241,文化产业导论,向勇,北京大学出版社,54,54,0
9787301258682,知识产权法学,杜颖,北京大学出版社,39.3,39,0
9787301266472,中国早期戏曲生成史论,赵兴勤,北京大学出版社,78,78,0
9787301266687,儒家精神取向的当代价值,杜维明,北京大学出版社,45,45,0
9787301267011,托尔斯泰次子回忆录,[俄]伊·托尔斯泰,北京大学出版社,45,45,0
9787301267950,社会工作导论,田奇恒,北京大学出版社,35,35,0
9787301284209,机械制造技术基础（第2版）,李菊丽郭华锋,北京大学出版社,48.5,48,0
9787301288467,主权债务关系的跨国法治研究,郭华春,北京大学出版社,38,38,0
9787301291023,反腐败与中国廉洁政治建设研究报告（Ⅳ）,商红日张惠康,北京大学出版社,45.7,45,0
9787301294482,北大校长与中国文化（第三版）,汤一介编,北京大学出版社,49,49,0
9787302022176,电子技术改造传统产业概论,冯辛安,清华大学出版社,20,20,0
9787302024491,现代汽车维修第三册--电气与电控,田炜,清华大学出版社,8.5,8,0
9787302024606,远大前程,杨慎生,清华大学出版社,4.8,4,0
9787302030096,服务系统原理教程,陈红,清华大学出版社,18.5,18,0
9787302033844,现场总线技术及其应用,阳宪惠,清华大学出版社,36,36,0
9787302035763,WindowsNT系统安全实用技术,高鹏,清华大学出版社,27,27,0
9787302056775,2003MBA联考清华辅导教材,谷衍奎,清华大学出版社,34,34,0
9787302060505,通信网基本概念与主体结构,Indrawidjaja,清华大学出版社,68,68,0
9787302069140,VisualC++面向对象编程教程,王育坚,清华大学出版社,35,35,0
9787302071358,探索与抉择,张德美,清华大学出版社,28,28,0
9787302072591,材料力学,陈艳秋,清华大出版社,24,24,0
9787302095613,系统工程引论,孙东川编,清华大学出版社,29,29,0
9787302103349,信息资源组织与管理,成卫,清华大学出版社,29.8,29,0
9787302106487,Java语言编程基础教程,宋振会,清华大学出版社,32,32,0
9787302108511,烧伤学临床新视野,郭振荣,清华大学出版社,88,88,0
9787302109259,成本会计,乐艳芬,清华大学出版社,29,29,0
9787302112037,计算机硬件基础课实验教程,冯一兵,清华大学出版社,19,19,0
9787302117735,8051微控制器教程,麦肯锡,清华大学出版社,39,39,0
9787302119647,让品牌为你打工,郭金龙,第1版(2005年10月1日),16,16,0
9787302122029,数字信号处理学习辅导,赵健/李毅/杨菊平编,清华大学出版社,15,15,0
9787302123323,全国计算机等级考试真题（笔试+上机）,徐军,清华大学,29,29,0
9787302124993,青少年信息学奥林匹克竞赛初级规范教程,滕伟,清华大学出版社,32,32,0
9787302128687,网页设计三合一教程,王诚君,清华大学,34,34,0
9787302130055,国家执业药师资格考试分级考点详解与练习,王金辉,清华大学,80,80,0
9787302132394,一学就会魔法书,陈晓赟,第1版(2006年7月1日),28,28,0
9787302140368,动画创作技法,孙立军董立荣,清华,48,48,0
9787302143888,民法学,马俊驹,清华大学,49.8,49,0
9787302144649,Oracle服务管理及应用开发教程,吴京慧杜宾杨波　编著,清华大学,39,39,0
9787302152170,动漫色彩构成,陈伟,清华大学,42,42,0
9787302157700,经济数学,张杰明,清华大学,37,37,0
9787302169994,就这么简单,向怡宁,清华大学出版社,79,79,0
9787302171324,Matlab/Simulink通信系统建模与仿真实例分析,邵玉斌编,清华大学,39,39,0
9787302186328,航空货运代理实务,谢春讯//李智忠//徐阳,清华大学,36,36,0
9787302190646,UGNX6产品造型设计实例详解,铭卓设计,清华大学出版社,55,55,0
9787302208112,巴黎圣母院,雨果,清华大学,66,66,0
9787302208822,AdobeAIR范例精解,赖特安德森莱夫齐勒吴集蒋平,清华大学出版社,59.8,59,0
9787302208952,CorelDRAWX4中文版入门与提高,王海峰//李绍勇//刘晶,清华大学,55,55,0
9787302215363,精通SPSS统计分析,倪雪梅,清华大学,49,49,0
9787302224396,动画剧本创作及赏析,王钢张波,清华大学出版社,40,40,0
9787302242505,OCP/OCA认证考试指南全册,(美)若克莱斯//布里拉|译者:宁洪//吴云洁//李梦汶,清华大学,99.8,99,0
9787302243229,计算机接口与通信实验教程,傅翠娇曹庆华,清华大学出版社,20,20,0
9787302246770,零基础学出纳,孙肸//王莎,清华大学,29.8,29,0
9787302249221,纳税模拟,梁红霞,清华大学出版社,32,32,0
9787302254942,现代小学数学课程教学的基本原理与方法,刘朝晖黄黎明,清华大学出版社,49,49,0
9787302261421,SiemensNX7.0中文版CAD/CAE/CAM高级教程,齐从谦王士兰,清华大学出版社,35,35,0
9787302265450,色彩,张虹编,清华大学出版社,68,68,0
9787302271154,信息安全工程,([英]安德森(AndersonR.),清华大学出版社,80,80,0
9787302271895,全国专业技术人员计算机应用能力考试标准教程,全国专业技术人员计算机应用能力考试命题研究组,清华大学,39.5,39,0
9787302273967,中国车用能源技术路线全生命周期分析,欧训民张希良,清华大学出版社,50,50,0
9787302283775,无线传感器网络技术导论,王汝传孙力娟肖甫,清华大学出版社,25,25,0
9787302298298,证券市场基础知识,学习考试用书研发中心,清华大学出版社,38,38,0
9787303067657,7~14岁儿童生活价值训练广场,戴安·泰尔曼,北京师大,26,26,0
9787303091164,现代企业管理,杨军,北京师大,31,31,0
9787303097821,体育教学内容选编技巧与案例,毛振明于素梅,北京师范大学出版社,24,24,0
9787303104994,中国影像志（电视剧卷）,梁振华编,北京師範大學出版社,39.8,39,0
9787303105199,环境模拟数值方法,陈家军王烜,北京师范大学出版社,33,33,0
9787303111114,中学化学教学论,梁永平编,北京师大,32,32,0
9787303113019,财务管理新教程,张大田杨淑娥,北京师范大学出版社,32.8,32,0
9787303114115,旅游礼仪,路银芝王中雨,北京师范大学出版社,19,19,0
9787303129041,新闻理论基础与实战练习,阴艳张慧娟北京师范大学,北京师范大学出版社,25,25,0
9787303134939,诗歌卷-郑敏文集（全二册）,章燕郑敏,北京师范大学出版社,158,158,0
9787303174003,灯塔的光,曹利群,北京师范大学出版社,35,35,0
9787303194964,北京师范大学数学学科创建百年纪念文集,李仲来,北京师范大学出版社,49.5,49,0
9787303209101,精益求精:教学技能的提升,周慧,北京师范大学出版社,31.7,31,0
9787303219544,中小学起始年级班主任工作实用手册/班主任专业发展丛书,耿申,北京师范大学出版社,21.6,21,0
9787303226863,网络教学设计与评价,尹睿,北京师范大学出版社,39.6,39,0
9787303232185,群氓心理学,勒庞陈璞君,北京师范大学出版社,34.5,34,0
9787304024864,岩土力学,刘汉东编,中央广播电视大学出版社,29,29,0
9787304066024,舌尖上的民国,邹婧,中央广播电视大学出版社,25,25,0
9787304081539,梦工厂电影小说极速蜗牛,梦工厂国开童媒北京文化传媒公司,中央广播电视大学出版社,11,11,0
9787305017971,杜甫评传,莫砺锋,南京大学出版社,45,45,0
9787305019784,西方政治思想史,王振槐,南京大学出版社,15,15,0
9787305044960,大学英语四级考试听力三级跳,思马得学校,南京大学,10,10,0
9787305046858,金工实习,洪超,江苏南京大学,39.8,39,0
9787305049903,国际贸易实务,李红编,江苏南京大学,32,32,0
9787305054976,美国,[法]让·波德里亚,南京大学出版社,28,28,0
9787305060397,洪秀全评传（上下册）,胡臣友,南京大学出版社,67,67,0
9787305067587,学衡名家讲演录（第二卷）,孙江王楠编,南京大学出版社,40,40,0
9787305071089,高中化学知识集锦,李国平,南京大学,29.8,29,0
9787305112898,流传千年的北欧神话故事,钟怡阳编著,南京大学出版社,25,25,0
9787305121173,社交礼仪,张勤蒋红梅余芳,南京大学出版社,25,25,0
9787305133718,法学实践教学系列丛书：模拟法庭教程,张明霞,南京大学出版社,24.8,24,0
9787305145797,通大教育文库初任教师支持体系建设研究,张建平,南京大学出版社,26.4,26,0
9787305192531,武则天,林静薇,南京大学出版社,15,15,0
9787305202018,医养结合与保险公司介入研究,杨波,南京大学出版社,79.9,79,0
9787305222870,景观“文学”,[瑞士]樊尚·考夫曼,南京大学出版社,58,58,0
9787306031327,哈贝马斯评传,陈勋武,中山大学,32,32,0
9787306050175,财务分析,谭湘,中山大学出版社,29.8,29,0
9787306054722,创新人才学概论,陈盛荣,中山大学出版社,43,43,0
9787306060679,财务会计,谭湘,中山大学出版社,38.2,38,0
9787306061065,类风湿看名医,戴冽,中山大学出版社,22.1,22,0
9787306066534,汉语音韵学,李新魁,中山大学出版社,78,78,0
9787306068200,功能语义视角下的英汉语篇研究,陈瑜敏,中山大学出版社,35,35,0
9787307031517,信息资源管理,马费成李纲查先进,武汉大学出版社,16,16,0
9787307031906,实践理性论,王炳书,武汉大学出版社,15,15,0
9787307033443,数学物理方程,吴方同,武汉大学出版社,10,10,0
9787307037298,第二次世界大战世界历史进程,韩永利副,武汉大学出版社,18,18,0
9787307053021,操作系统安全,贾春福郑鹏,武汉大学出版社,19,19,0
9787307053076,遥感图像解译,关泽群,武汉大学,25,25,0
9787307061682,临床常见多发疾病护理常规,范湘鸿何小俊龚超,武汉大学出版社,25,25,0
9787307062283,实用主义、逻辑实证主义及其他,涂纪亮,武汉大学出版社,89,89,0
9787307071742,发展、人权与法治研究,汪习根主编,武汉大学出版社,38,38,0
9787307071773,大地测量学基础实践教程,郭际明丁士俊苏新洲刘宗泉,武汉大学出版社,18,18,0
9787307075825,法语口译笔记法实战指导,苏昉编,武汉大学,38,38,0
9787307076273,刑法同步辅导与案例集,康均心,武汉大学出版社,28,28,0
9787307077461,俄罗斯短篇小说选读,刘永红袁顺芝,武汉大学出版社,57,57,0
9787307104013,武大国际法评论,武汉大学,武汉大学出版社,50,50,0
9787307104266,空间服务技术应用,陈国平,武汉大学出版社,25,25,0
9787307133396,3S技术及其在水利工程施工与管理中的应用,杨东张成长,中国林业出版社,31.7,31,0
9787307156838,珞珈史苑·2014年卷,武漢大學歷史學院,武漢大學出版社,68,68,0
9787307182240,哲学社会科学学术话语体系建设,全国高校社会科学,武汉大学出版社,79.6,79,0
9787308021241,信息论及其应用,仇佩亮,浙江大学出版社,11,11,0
9787308023252,中国红木杂件图鉴,余继明,浙江大学出版社,45,45,0
9787308028240,脑功能原理,唐孝威,浙江大学出版社,15,15,0
9787308033725,大学物理虚拟实验,陈红雨潘正权编著,浙江大学出版社,22,22,0
9787308038119,Pro/E软件应用,徐志扬主编,浙江大学出版社,19,19,0
9787308040587,中国社会语言学,郭熙,浙江大学出版社,23,23,0
9787308042031,新政治经济学评论（第1卷）,汪丁丁,浙江大学出版社,39,39,0
9787308046299,旅游景区经营管理,周玲强,浙江大学出版社,28,28,0
9787308046626,小学数学培优同步演练,骆国良,浙江大学出版社,12,12,0
9787308046749,立竿见影,金功发,浙江大学出版社,18,18,0
9787308047623,全新大学英语四级题型快速阅读理解,叶琴法编,浙江大学出版社,13,13,0
9787308049948,当代科技革命与马克思主义,张国清,浙江大学出版社,26,26,0
9787308054690,内科疑难病与临床分析,厉有名,浙江大学,42,42,0
9787308055963,文化安全,潘一禾,浙江大学,26,26,0
9787308056892,现代遗传学概论,石春海,浙江大学出版社,32,32,0
9787308063517,产业安全,李孟刚,浙江大学出版社,32,32,0
9787308067188,毕业论文指导,郑刚强阮爱君,浙江大学出版社,27,27,0
9787308074537,金融业职员英语口语,刘延平//董亮,浙江大学出版社,24,24,0
9787308074728,论人的理智能力,托马斯?里德,浙江大学出版社,58,58,0
9787308076630,大学英语四级考试阅读理解120篇精粹,全国大学英语四六级考试命题研究组,浙江大学,34,34,0
9787308080309,初中科学竞赛模拟训练卷,臧文彧,浙江大学,13,13,0
9787308087360,与世界对话,郭亮,浙江大学出版社,36,36,0
9787308100885,国际汉语教材的理念与教学实践研究,徐为民何文潮国际汉语教学学术研讨会,浙江大学出版社,49,49,0
9787308113199,创新创业管理丛书·金融新服务开发：荷兰银行和保险公司实证研究,韦尔默朗黄秋波李靖华,浙江大学出版社,36,36,0
9787308125611,产业集群内共同创造的发生机制与绩效影响研究,樊钱涛著,浙江大学出版社,40,40,0
9787308147651,浙南摩崖石刻研究,徐文平,浙江大学出版社,79,79,0
9787308161558,那些书和那些人,辛德勇,浙江大学出版社,28,28,0
9787308164900,合同风险五把关,曾水深曾子秋,浙江大学出版社,29.5,29,0
9787308208604,许渊冲译莎士比亚戏剧集（第三卷）,（英）威廉?莎士比亚,浙江大学出版社,82,82,0
9787309029963,债法概论,王全弟编,复旦,28,28,0
9787309032703,成功的6P真言,鲍勇剑陈百助,复旦大学出版社,22,22,0
9787309034493,大学英语四级考试考优突破,王忠樑编,复旦大学出版社,21,21,0
9787309044447,解析中国民营电视,陆地,复旦大学出版社,30,30,0
9787309046038,资产评估学,朱萍,复旦大学,38,38,0
9787309048285,鲁迅评传,曹聚仁,复旦大学出版社,38,38,0
9787309053425,越界水污染规制,曾文慧,复旦大学,20,20,0
9787309054927,广播电视评论教程,仲富兰,复旦大学,38,38,0
9787309063660,潜规则（修订版）,吴思,复旦大学出版社,28,28,0
9787309065602,内科学,王吉耀主编,复旦大学出版社,36,36,0
9787309075809,国际商务英语,周维家//葛萍,复旦大学,26,26,0
9787309113631,西方史学史散论,张广智编,复旦大学出版社,68,68,0
9787309120165,了解青光眼战胜青光眼（第二版）,孔祥梅　主编,复旦大学出版社,13,13,0
9787309125443,侵权责任法博学法学系列,杨立新,复旦大学出版社,45,45,0
9787309135428,复旦外国语言文学论丛Fudanforumonforeignlanguagesandliterature,曲卫国复旦大学,复旦大学出版社,38,38,0
9787310024728,体育旅游,维德,南开大学出版社,20,20,0
9787310038916,江泽民关于党的制度建设科学化的理论与实践研究,等,南开大学出版社,38,38,0
9787310040360,神经创伤学新进展,张赛李建国,南开大学出版社,75,75,0
9787311011727,报告文学探论,陈进波,兰州大学出版社,16.5,16,0
9787311029777,新田径竞赛规则与裁判方法,潘健,兰州大学出版社,29,29,0
9787312014796,茶叶化学,顾谦,中国科学技术大学出版社,20,20,0
9787312016134,新编中文版CorelDRAW11实用教程/新编电脑系列实用教程丛书,西岭电脑工作室编,安徽中国科技大学,22,22,0
9787312017452,闲聊英语,张宏,中国科学技术大学出版社,16.8,16,0
9787312021879,心理测量,竺培梁,安徽中国科技大学,25,25,0
9787312024825,算两次,单壿,中国科大,10,10,0
9787312030383,化学化工文献信息检索,李一梅罗时忠王银玲,中国科学技术大学出版社,35,35,0
9787312040993,材料动力学,王礼立胡时胜杨黎明董新龙,中国科学技术大学出版社,36.6,36,0
9787312042508,科技竞赛论文写作,朱家明刘家保,中国科学技术大学出版社,36,36,0
9787313038593,盈利胜经,王方华编,上海交通大学出版社,30,30,0
9787313041166,图示常见交通事故分析101例,肖军,上海交通大学出版社,30,30,0
9787313043900,英语专业四级新闻听力训练,常春藤英语考试研究组,上海交通大学出版社,16,16,0
9787313044990,当代国际商务英语翻译,翁凤翔,上海交通大学出版社,20,20,0
9787313045133,初中数学-一元二次方程精练800题,俞颂萱,上海交通大学出版社,10.5,10,0
9787313047182,冲出题海,陈永明,上海交大,22,22,0
9787313047458,吊舱推进技术,马骋编,上海交通大学出版社,28,28,0
9787313053251,现代服务英语,莫玉羚,上海交通大学出版社,35,35,0
9787313055873,费曼,费曼汪凯刘中侠,上海交通大学出版社,29,29,0
9787313085368,携手,俞勇,上海交通大学出版社,68,68,0
9787313136886,尘封往事,罗震光,上海交通大学出版社,37.2,37,0
9787313139009,创伤骨科诊疗策略(精),王正祥,上海交大,98,98,0
9787313141200,空间核动力,苏著亭杨继材柯国土,上海交通大学出版社,109,109,0
9787313145796,基层法治建设理念读本,刘辉姜永伟,上海交通大学出版社,40.3,40,0
9787313159656,新马克思主义导引,[法]高宣扬,上海交通大学出版社,79,79,0
9787313171870,休闲·旅游·民宿：观察与思考,楼嘉军徐爱萍,上海交通大学出版社,60.5,60,0
9787313180674,演员在成为演员之前：C306表演日志,于亚东主编,上海交通大学出版社,128,128,0
9787313186157,水产品质量安全可追溯治理研究,郑建明,上海交通大学出版社,58.8,58,0
